delta,alpha1,alpha2,alpha3,alpha4,alpha5,E_lower,E_upper
0.01,0.071980096,0.071980096,0.150525243,0.213928595,0.491585969,4.517062201,4.507590807
0.01,0.124465642,0.124465642,0.031802294,0.242593682,0.47667274,3.637687986,3.605160075
0.01,0.03733719,0.03733719,0.435908686,0.439128435,0.050288499,2.798999789,2.798789498
0.01,0.082601114,0.082601114,0.42424144,0.063789283,0.346767048,2.039008507,2.03790333
0.01,0.101797509,0.101797509,0.154234767,0.495982509,0.146187707,4.840083848,4.814843726
0.01,0.076058149,0.076058149,0.101281643,0.421591549,0.325010512,1.95730369,1.956917722
0.01,0.105808157,0.105808157,0.45357106,0.150756317,0.184056307,2.702923058,2.691008778
0.01,0.051807616,0.051807616,0.141024876,0.481124442,0.27423545,3.855493931,3.852211903
0.01,0.052066476,0.052066476,0.438428594,0.022065341,0.435373113,2.781490388,2.780037232
0.01,0.137987656,0.137987656,0.162773315,0.474903244,0.086348129,3.572150526,3.530461354
0.01,0.099514558,0.099514558,0.149795529,0.428556448,0.222618907,2.037435374,2.03649107
0.01,0.038701759,0.038701759,0.442761866,0.279616007,0.200218609,2.372233395,2.372124877
0.01,0.072106041,0.072106041,0.175826045,0.215278504,0.464683369,3.101821364,3.095480678
0.01,0.067003955,0.067003955,0.175969784,0.263627393,0.426394914,2.000436335,1.999861153
0.01,0.104438199,0.104438199,0.456035011,0.079931004,0.255157586,2.777595758,2.765303338
0.01,0.036986926,0.036986926,0.143483688,0.459353068,0.323189391,2.881197018,2.880771837
0.01,0.04918744,0.04918744,0.174723832,0.435015751,0.291885536,2.190349269,2.189925051
0.01,0.063731484,0.063731484,0.091489967,0.31874693,0.462300134,2.991119134,2.987127834
0.01,0.140861702,0.140861702,0.451434792,0.10260006,0.164241744,2.634739779,2.619733922
0.01,0.063710294,0.063710294,0.270738473,0.176712592,0.425128348,1.978306738,1.977948982
0.01,0.065905371,0.065905371,0.491253703,0.203294619,0.173640937,4.493929382,4.486477902
0.01,0.166246323,0.166246323,0.036880289,0.159237878,0.471389186,3.396064672,3.344749119
0.01,0.143261246,0.143261246,0.468668745,0.216319442,0.028489321,3.268004828,3.231259334
0.01,0.067820672,0.067820672,0.303338316,0.110863619,0.450156721,2.5877716,2.584374635
0.01,0.142466252,0.142466252,0.086152621,0.482130411,0.146784463,3.953707601,3.900538432
0.01,0.08932008,0.08932008,0.28057141,0.101689005,0.439099426,2.285459421,2.281430212
0.01,0.112309931,0.112309931,0.117211362,0.461244951,0.196923826,2.975724713,2.958069952
0.01,0.058710414,0.058710414,0.318713234,0.428260658,0.135605281,2.069302479,2.06876829
0.01,0.063271342,0.063271342,0.296086798,0.106854981,0.470515538,3.328353996,3.323570594
0.01,0.041846729,0.041846729,0.286078133,0.134189224,0.496039185,4.779655262,4.777693763
0.01,0.135412997,0.135412997,0.479659724,0.113225046,0.136289236,3.820225439,3.775761572
0.01,0.133996195,0.133996195,0.447806131,0.051497471,0.232704009,2.516592779,2.505670377
0.01,0.058978221,0.058978221,0.266354382,0.460924836,0.154764341,2.945649246,2.942406108
0.01,0.059467216,0.059467216,0.218730458,0.215235489,0.447099621,2.492011706,2.489875204
0.01,0.06711706,0.06711706,0.287914763,0.435888861,0.141962257,2.210213063,2.208535174
0.01,0.14781709,0.14781709,0.453526712,0.02544101,0.225398098,2.692191488,2.675962554
0.01,0.045125323,0.045125323,0.469241692,0.329083193,0.111424469,3.261131244,3.259558528
0.01,0.122697376,0.122697376,0.07320576,0.220542411,0.460857078,2.955998746,2.935188601
0.01,0.068820915,0.068820915,0.422600968,0.188556172,0.251201029,1.925177301,1.925020545
0.01,0.027676299,0.027676299,0.189593309,0.484743879,0.270310213,4.047946075,4.047839117
0.01,0.056695703,0.056695703,0.087919372,0.33901749,0.459671733,2.899182366,2.896589823
0.01,0.052168793,0.052168793,0.326206803,0.472712751,0.09674286,3.414027019,3.411278019
0.01,0.068503377,0.068503377,0.094246071,0.292770706,0.475976468,3.584167972,3.577609145
0.01,0.077139229,0.077139229,0.367340407,0.046315102,0.432066033,2.227342526,2.225062109
0.01,0.082201074,0.082201074,0.436654431,0.287862343,0.111081078,2.22879047,2.225871306
0.01,0.123859,0.123859,0.014192934,0.436642416,0.30144665,2.231672572,2.228932405
0.01,0.052179199,0.052179199,0.426074835,0.228513382,0.241053386,1.991393118,1.991341587
0.01,0.040661566,0.040661566,0.495587366,0.162841669,0.260247832,4.761894929,4.760091606
0.01,0.101627971,0.101627971,0.200219969,0.433481524,0.163042566,2.144496081,2.141771351
0.01,0.076895586,0.076895586,0.470819183,0.148036845,0.2273528,3.364969677,3.356460122
0.01,0.165952744,0.165952744,0.490943241,0.162517419,0.014633851,4.474596776,4.381413884
0.01,0.137710438,0.137710438,0.450395967,0.241072145,0.033111012,2.592579774,2.579288124
0.01,0.04575048,0.04575048,0.228542225,0.458057609,0.221899205,2.838818003,2.837517961
0.01,0.113111226,0.113111226,0.065047098,0.243694468,0.465035981,3.114282401,3.094718008
0.01,0.040116221,0.040116221,0.130312868,0.335223282,0.454231409,2.717907431,2.717378579
0.01,0.069781671,0.069781671,0.134651294,0.493865835,0.23191953,4.665798525,4.65697118
0.01,0.070548153,0.070548153,0.248317959,0.116798768,0.493786968,4.653141324,4.644114296
0.01,0.037135669,0.037135669,0.487185399,0.101764288,0.336778976,4.156885784,4.15584013
0.02,0.071980096,0.071980096,0.150525243,0.213928595,0.491585969,3.218659077,3.212240551
0.02,0.124465642,0.124465642,0.031802294,0.242593682,0.47667274,2.744043884,2.727822085
0.02,0.03733719,0.03733719,0.435908686,0.439128435,0.050288499,2.372291109,2.371941018
0.02,0.101797509,0.101797509,0.154234767,0.495982509,0.146187707,3.387246151,3.370946799
0.02,0.105808157,0.105808157,0.45357106,0.150756317,0.184056307,2.188653013,2.184525963
0.02,0.051807616,0.051807616,0.141024876,0.481124442,0.27423545,2.86729069,2.865002705
0.02,0.052066476,0.052066476,0.438428594,0.022065341,0.435373113,2.360337672,2.359166704
0.02,0.137987656,0.137987656,0.162773315,0.474903244,0.086348129,2.705018525,2.686966814
0.02,0.038701759,0.038701759,0.442761866,0.279616007,0.200218609,1.992462892,1.992373058
0.02,0.072106041,0.072106041,0.175826045,0.215278504,0.464683369,2.433839532,2.430182362
0.02,0.104438199,0.104438199,0.456035011,0.079931004,0.255157586,2.240937667,2.236071293
0.02,0.036986926,0.036986926,0.143483688,0.459353068,0.323189391,2.323147006,2.322762689
0.02,0.04918744,0.04918744,0.174723832,0.435015751,0.291885536,1.874599154,1.874483652
0.02,0.063731484,0.063731484,0.091489967,0.31874693,0.462300134,2.386723245,2.384299451
0.02,0.065905371,0.065905371,0.491253703,0.203294619,0.173640937,3.206274612,3.201146239
0.02,0.166246323,0.166246323,0.036880289,0.159237878,0.471389186,2.604508025,2.597632542
0.02,0.143261246,0.143261246,0.468668745,0.216319442,0.028489321,2.531352958,2.519445297
0.02,0.067820672,0.067820672,0.303338316,0.110863619,0.450156721,2.134504397,2.132766477
0.02,0.142466252,0.142466252,0.086152621,0.482130411,0.146784463,2.917788455,2.892589395
0.02,0.08932008,0.08932008,0.28057141,0.101689005,0.439099426,1.932743094,1.932160361
0.02,0.112309931,0.112309931,0.117211362,0.461244951,0.196923826,2.356602345,2.349259793
0.02,0.063271342,0.063271342,0.296086798,0.106854981,0.470515538,2.576259585,2.57323724
0.02,0.041846729,0.041846729,0.286078133,0.134189224,0.496039185,3.353743301,3.352171553
0.02,0.135412997,0.135412997,0.479659724,0.113225046,0.136289236,2.844211836,2.822725084
0.02,0.058978221,0.058978221,0.266354382,0.460924836,0.154764341,2.345604675,2.343652417
0.02,0.059467216,0.059467216,0.218730458,0.215235489,0.447099621,2.060713707,2.059666661
0.02,0.06711706,0.06711706,0.287914763,0.435888861,0.141962257,1.885430915,1.885020828
0.02,0.045125323,0.045125323,0.469241692,0.329083193,0.111424469,2.548667281,2.547529784
0.02,0.122697376,0.122697376,0.07320576,0.220542411,0.460857078,2.346144087,2.338814496
0.02,0.027676299,0.027676299,0.189593309,0.484743879,0.270310213,2.970433947,2.970181119
0.02,0.056695703,0.056695703,0.087919372,0.33901749,0.459671733,2.341655619,2.340007074
0.02,0.052168793,0.052168793,0.326206803,0.472712751,0.09674286,2.634466702,2.632584706
0.02,0.068503377,0.068503377,0.094246071,0.292770706,0.475976468,2.720383823,2.71621357
0.02,0.077139229,0.077139229,0.367340407,0.046315102,0.432066033,1.936751634,1.936023642
0.02,0.082201074,0.082201074,0.436654431,0.287862343,0.111081078,1.897295436,1.896894673
0.02,0.040661566,0.040661566,0.495587366,0.162841669,0.260247832,3.343683619,3.342222764
0.02,0.076895586,0.076895586,0.470819183,0.148036845,0.2273528,2.588199356,2.583148314
0.02,0.165952744,0.165952744,0.490943241,0.162517419,0.014633851,3.195616971,3.155009829
0.02,0.04575048,0.04575048,0.228542225,0.458057609,0.221899205,2.278889288,2.278038442
0.02,0.113111226,0.113111226,0.065047098,0.243694468,0.465035981,2.442870886,2.434030536
0.02,0.040116221,0.040116221,0.130312868,0.335223282,0.454231409,2.229734427,2.229306826
0.02,0.069781671,0.069781671,0.134651294,0.493865835,0.23191953,3.295811614,3.289726139
0.02,0.070548153,0.070548153,0.248317959,0.116798768,0.493786968,3.289332887,3.28312813
0.02,0.037135669,0.037135669,0.487185399,0.101764288,0.336778976,3.041666478,3.040769744
0.03,0.071980096,0.071980096,0.150525243,0.213928595,0.491585969,2.629415884,2.625058913
0.03,0.124465642,0.124465642,0.031802294,0.242593682,0.47667274,2.305234024,2.298551881
0.03,0.03733719,0.03733719,0.435908686,0.439128435,0.050288499,2.114632763,2.114364839
0.03,0.101797509,0.101797509,0.154234767,0.495982509,0.146187707,2.742119233,2.731577182
0.03,0.051807616,0.051807616,0.141024876,0.481124442,0.27423545,2.394121696,2.3925839
0.03,0.052066476,0.052066476,0.438428594,0.022065341,0.435373113,2.105381168,2.104580835
0.03,0.137987656,0.137987656,0.162773315,0.474903244,0.086348129,2.274256085,2.26971334
0.03,0.072106041,0.072106041,0.175826045,0.215278504,0.464683369,2.084610265,2.082729295
0.03,0.104438199,0.104438199,0.456035011,0.079931004,0.255157586,1.947981774,1.94766991
0.03,0.036986926,0.036986926,0.143483688,0.459353068,0.323189391,2.022711313,2.022496791
0.03,0.063731484,0.063731484,0.091489967,0.31874693,0.462300134,2.066367608,2.065042666
0.03,0.065905371,0.065905371,0.491253703,0.203294619,0.173640937,2.620924129,2.617403093
0.03,0.067820672,0.067820672,0.303338316,0.110863619,0.450156721,1.879277978,1.878715767
0.03,0.142466252,0.142466252,0.086152621,0.482130411,0.146784463,2.422355929,2.413133037
0.03,0.112309931,0.112309931,0.117211362,0.461244951,0.196923826,2.026999118,2.025862217
0.03,0.063271342,0.063271342,0.296086798,0.106854981,0.470515538,2.195046768,2.193232652
0.03,0.041846729,0.041846729,0.286078133,0.134189224,0.496039185,2.724973373,2.723802233
0.03,0.135412997,0.135412997,0.479659724,0.113225046,0.136289236,2.371154046,2.362958242
0.03,0.058978221,0.058978221,0.266354382,0.460924836,0.154764341,2.026050409,2.025033238
0.03,0.059467216,0.059467216,0.218730458,0.215235489,0.447099621,1.815225193,1.815007596
0.03,0.045125323,0.045125323,0.469241692,0.329083193,0.111424469,2.184643448,2.183911673
0.03,0.027676299,0.027676299,0.189593309,0.484743879,0.270310213,2.465146473,2.464946352
0.03,0.056695703,0.056695703,0.087919372,0.33901749,0.459671733,2.041087563,2.040164884
0.03,0.052168793,0.052168793,0.326206803,0.472712751,0.09674286,2.243744579,2.242528128
0.03,0.068503377,0.068503377,0.094246071,0.292770706,0.475976468,2.295182861,2.292596615
0.03,0.040661566,0.040661566,0.495587366,0.162841669,0.260247832,2.715874913,2.714786411
0.03,0.021104996,0.021104996,0.183307692,0.276258509,0.498223806,2.773980188,2.77395241
0.03,0.076895586,0.076895586,0.470819183,0.148036845,0.2273528,2.194619289,2.191804703
0.03,0.165952744,0.165952744,0.490943241,0.162517419,0.014633851,2.613138875,2.601121698
0.03,0.04575048,0.04575048,0.228542225,0.458057609,0.221899205,1.976628298,1.976200058
0.03,0.113111226,0.113111226,0.065047098,0.243694468,0.465035981,2.092478179,2.090049622
0.03,0.040116221,0.040116221,0.130312868,0.335223282,0.454231409,1.95915155,1.958935322
0.03,0.069781671,0.069781671,0.134651294,0.493865835,0.23191953,2.682093642,2.677890393
0.03,0.070548153,0.070548153,0.248317959,0.116798768,0.493786968,2.678583527,2.674305208
0.03,0.037135669,0.037135669,0.487185399,0.101764288,0.336778976,2.526465031,2.5257997
0.04,0.071980096,0.071980096,0.150525243,0.213928595,0.491585969,2.27655296,2.273712031
0.04,0.124465642,0.124465642,0.031802294,0.242593682,0.47667274,2.031813351,2.031535425
0.04,0.03733719,0.03733719,0.435908686,0.439128435,0.050288499,1.934429825,1.934269875
0.04,0.101797509,0.101797509,0.154234767,0.495982509,0.146187707,2.359827349,2.353408801
0.04,0.051807616,0.051807616,0.141024876,0.481124442,0.27423545,2.102946312,2.10197907
0.04,0.052066476,0.052066476,0.438428594,0.022065341,0.435373113,1.926816773,1.9263433
0.04,0.072106041,0.072106041,0.175826045,0.215278504,0.464683369,1.859853147,1.859252949
0.04,0.036986926,0.036986926,0.143483688,0.459353068,0.323189391,1.825609559,1.825553634
0.04,0.063731484,0.063731484,0.091489967,0.31874693,0.462300134,1.858025563,1.857513048
0.04,0.065905371,0.065905371,0.491253703,0.203294619,0.173640937,2.270116731,2.267789246
0.04,0.063271342,0.063271342,0.296086798,0.106854981,0.470515538,1.953267516,1.952340824
0.04,0.041846729,0.041846729,0.286078133,0.134189224,0.496039185,2.353761521,2.35292068
0.04,0.058978221,0.058978221,0.266354382,0.460924836,0.154764341,1.81820592,1.817885313
0.04,0.045125323,0.045125323,0.469241692,0.329083193,0.111424469,1.952353149,1.951946663
0.04,0.027676299,0.027676299,0.189593309,0.484743879,0.270310213,2.157560051,2.157434708
0.04,0.056695703,0.056695703,0.087919372,0.33901749,0.459671733,1.843497832,1.8431294
0.04,0.052168793,0.052168793,0.326206803,0.472712751,0.09674286,1.99699479,1.996286698
0.04,0.068503377,0.068503377,0.094246071,0.292770706,0.475976468,2.029626911,2.028191084
0.04,0.040661566,0.040661566,0.495587366,0.162841669,0.260247832,2.344602121,2.343824022
0.04,0.021104996,0.021104996,0.183307692,0.276258509,0.498223806,2.389839471,2.389819001
0.04,0.076895586,0.076895586,0.470819183,0.148036845,0.2273528,1.945406115,1.944192444
0.04,0.04575048,0.04575048,0.228542225,0.458057609,0.221899205,1.778683327,1.778591786
0.04,0.040116221,0.040116221,0.130312868,0.335223282,0.454231409,1.778608015,1.778581662
0.04,0.069781671,0.069781671,0.134651294,0.493865835,0.23191953,2.316935075,2.314125709
0.04,0.070548153,0.070548153,0.248317959,0.116798768,0.493786968,2.315245015,2.312389687
0.04,0.037135669,0.037135669,0.487185399,0.101764288,0.336778976,2.214443861,2.213981252
0.05,0.071980096,0.071980096,0.150525243,0.213928595,0.491585969,2.036028653,2.034359576
0.05,0.03733719,0.03733719,0.435908686,0.439128435,0.050288499,1.798131412,1.7980764
0.05,0.101797509,0.101797509,0.154234767,0.495982509,0.146187707,2.100985983,2.097685278
0.05,0.051807616,0.051807616,0.141024876,0.481124442,0.27423545,1.900851297,1.900333754
0.05,0.052066476,0.052066476,0.438428594,0.022065341,0.435373113,1.791632669,1.791438973
0.05,0.065905371,0.065905371,0.491253703,0.203294619,0.173640937,2.030880652,2.029481604
0.05,0.063271342,0.063271342,0.296086798,0.106854981,0.470515538,1.782024701,1.78178301
0.05,0.041846729,0.041846729,0.286078133,0.134189224,0.496039185,2.102868288,2.102298746
0.05,0.045125323,0.045125323,0.469241692,0.329083193,0.111424469,1.78695743,1.786814369
0.05,0.027676299,0.027676299,0.189593309,0.484743879,0.270310213,1.945577341,1.945524158
0.05,0.052168793,0.052168793,0.326206803,0.472712751,0.09674286,1.822524359,1.822218372
0.05,0.068503377,0.068503377,0.094246071,0.292770706,0.475976468,1.843449568,1.842896179
0.05,0.040661566,0.040661566,0.495587366,0.162841669,0.260247832,2.093485682,2.092963656
0.05,0.076895586,0.076895586,0.470819183,0.148036845,0.2273528,1.769317814,1.769316441
0.05,0.069781671,0.069781671,0.134651294,0.493865835,0.23191953,2.06903129,2.067304368
0.05,0.070548153,0.070548153,0.248317959,0.116798768,0.493786968,2.068573185,2.066821283
0.05,0.037135669,0.037135669,0.487185399,0.101764288,0.336778976,1.999689941,1.999398361
0.06,0.071980096,0.071980096,0.150525243,0.213928595,0.491585969,1.85906137,1.858327277
0.06,0.101797509,0.101797509,0.154234767,0.495982509,0.146187707,1.911479093,1.910615676
0.06,0.051807616,0.051807616,0.141024876,0.481124442,0.27423545,1.750121075,1.749967739
0.06,0.065905371,0.065905371,0.491253703,0.203294619,0.173640937,1.854804424,1.854149874
0.06,0.041846729,0.041846729,0.286078133,0.134189224,0.496039185,1.919269052,1.918925287
0.06,0.040661566,0.040661566,0.495587366,0.162841669,0.260247832,1.909687695,1.909379195
0.06,0.069781671,0.069781671,0.134651294,0.493865835,0.23191953,1.887144329,1.886284285
0.06,0.070548153,0.070548153,0.248317959,0.116798768,0.493786968,1.887566115,1.886697086
0.06,0.037135669,0.037135669,0.487185399,0.101764288,0.336778976,1.84025568,1.840108869
0.07,0.065905371,0.065905371,0.491253703,0.203294619,0.173640937,1.718474372,1.718429622
0.07,0.041846729,0.041846729,0.286078133,0.134189224,0.496039185,1.777650699,1.777497359
0.07,0.040661566,0.040661566,0.495587366,0.162841669,0.260247832,1.767933615,1.767805351
0.07,0.069781671,0.069781671,0.134651294,0.493865835,0.23191953,1.74663926,1.746488503
0.07,0.070548153,0.070548153,0.248317959,0.116798768,0.493786968,1.747710777,1.747563705
0.07,0.037135669,0.037135669,0.487185399,0.101764288,0.336778976,1.715783531,1.715760398